Date Time, Water Level, Sigma, I, L 
2018-09-09 00:00,1.160,0.075,0,0
2018-09-09 01:00,4.061,0.075,0,0
2018-09-09 02:00,5.990,0.052,0,0
2018-09-09 03:00,6.584,0.039,0,0
2018-09-09 04:00,5.599,0.052,0,0
2018-09-09 05:00,3.562,0.085,0,0
2018-09-09 06:00,0.970,0.085,0,0
2018-09-09 07:00,-2.039,0.098,0,0
2018-09-09 08:00,-4.637,0.069,0,0
2018-09-09 09:00,-6.054,0.023,0,0
2018-09-09 10:00,-5.526,0.039,0,0
2018-09-09 11:00,-3.512,0.072,0,0
2018-09-09 12:00,-1.130,0.069,0,0
2018-09-09 13:00,1.833,0.085,0,0
2018-09-09 14:00,4.507,0.066,0,0
2018-09-09 15:00,5.927,0.039,0,0
2018-09-09 16:00,5.816,0.049,0,0
2018-09-09 17:00,4.313,0.059,0,0
2018-09-09 18:00,1.961,0.075,0,0
2018-09-09 19:00,-0.880,0.102,0,0
2018-09-09 20:00,-3.712,0.082,0,0
2018-09-09 21:00,-5.601,0.049,0,0
2018-09-09 22:00,-5.680,0.039,0,0
2018-09-09 23:00,-3.751,0.075,0,0
2018-09-10 00:00,-1.356,0.095,0,0
2018-09-10 01:00,1.613,0.098,0,0
2018-09-10 02:00,4.589,0.085,0,0
2018-09-10 03:00,6.495,0.059,0,0
2018-09-10 04:00,6.974,0.023,0,0
2018-09-10 05:00,5.783,0.069,0,0
2018-09-10 06:00,3.555,0.089,0,0
2018-09-10 07:00,0.727,0.105,0,0
2018-09-10 08:00,-2.547,0.105,0,0
2018-09-10 09:00,-5.168,0.069,0,0
2018-09-10 10:00,-6.464,0.026,0,0
2018-09-10 11:00,-5.569,0.056,0,0
2018-09-10 12:00,-3.393,0.085,0,0
2018-09-10 13:00,-0.690,0.095,0,0
2018-09-10 14:00,2.414,0.108,0,0
2018-09-10 15:00,5.127,0.082,0,0
2018-09-10 16:00,6.351,0.033,0,0
2018-09-10 17:00,6.141,0.043,0,0
2018-09-10 18:00,4.451,0.059,0,0
2018-09-10 19:00,1.879,0.000,0,0
2018-09-10 20:00,-1.038,0.098,0,0
2018-09-10 21:00,-3.892,0.075,0,0
2018-09-10 22:00,-5.789,0.036,0,0
2018-09-10 23:00,-5.720,0.036,0,0
2018-09-11 00:00,-3.909,0.082,0,0
2018-09-11 01:00,-1.274,0.102,0,0
2018-09-11 02:00,1.613,0.098,0,0
2018-09-11 03:00,4.618,0.072,0,0
2018-09-11 04:00,6.387,0.043,0,0
2018-09-11 05:00,6.731,0.026,0,0
2018-09-11 06:00,5.445,0.075,0,0
2018-09-11 07:00,3.267,0.082,0,0
2018-09-11 08:00,0.514,0.102,0,0
2018-09-11 09:00,-2.642,0.105,0,0
2018-09-11 10:00,-5.162,0.062,0,0
2018-09-11 11:00,-6.179,0.013,0,0
2018-09-11 12:00,-5.047,0.062,0,0
2018-09-11 13:00,-2.747,0.079,0,0
2018-09-11 14:00,-0.060,0.092,0,0
2018-09-11 15:00,3.053,0.089,0,0
2018-09-11 16:00,5.432,0.062,0,0
2018-09-11 17:00,6.433,0.010,0,0
2018-09-11 18:00,5.770,0.036,0,0
2018-09-11 19:00,3.995,0.066,0,0
2018-09-11 20:00,1.374,0.082,0,0
2018-09-11 21:00,-1.527,0.121,0,0
2018-09-11 22:00,-4.407,0.082,0,0
2018-09-11 23:00,-6.044,0.030,0,0
2018-09-12 00:00,-5.710,0.043,0,0
2018-09-12 01:00,-3.584,0.069,0,0
2018-09-12 02:00,-1.143,0.085,0,0
2018-09-12 03:00,1.744,0.105,0,0
2018-09-12 04:00,4.533,0.062,0,0
2018-09-12 05:00,6.052,0.023,0,0
2018-09-12 06:00,6.108,0.026,0,0
2018-09-12 07:00,4.645,0.059,0,0
2018-09-12 08:00,2.348,0.079,0,0
2018-09-12 09:00,-0.287,0.092,0,0
2018-09-12 10:00,-3.325,0.085,0,0
2018-09-12 11:00,-5.542,0.052,0,0
2018-09-12 12:00,-6.080,0.020,0,0
2018-09-12 13:00,-4.535,0.066,0,0
2018-09-12 14:00,-2.298,0.072,0,0
2018-09-12 15:00,0.396,0.112,0,0
2018-09-12 16:00,3.234,0.095,0,0
2018-09-12 17:00,5.343,0.043,0,0
2018-09-12 18:00,6.013,0.030,0,0
2018-09-12 19:00,5.127,0.049,0,0
2018-09-12 20:00,3.106,0.072,0,0
2018-09-12 21:00,0.678,0.082,0,0
2018-09-12 22:00,-2.878,0.000,1,0
2018-09-12 23:00,-5.077,0.000,1,0
2018-09-13 00:00,-5.884,0.000,1,0
2018-09-13 01:00,-5.182,0.000,1,0
2018-09-13 02:00,-3.341,0.000,1,0
2018-09-13 03:00,-0.651,0.000,1,0
2018-09-13 04:00,2.256,0.000,1,0
2018-09-13 05:00,4.435,0.000,1,0
2018-09-13 06:00,5.507,0.000,1,0
2018-09-13 07:00,5.314,0.000,1,0
2018-09-13 08:00,3.782,0.000,1,0
2018-09-13 09:00,1.298,0.000,1,0
2018-09-13 10:00,-1.681,0.000,1,0
2018-09-13 11:00,-4.037,0.000,1,0
2018-09-13 12:00,-5.378,0.030,0,0
2018-09-13 13:00,-5.542,0.023,0,0
2018-09-13 14:00,-3.797,0.059,0,0
2018-09-13 15:00,-1.566,0.075,0,0
2018-09-13 16:00,0.996,0.075,0,0
2018-09-13 17:00,3.641,0.072,0,0
2018-09-13 18:00,5.465,0.033,0,0
2018-09-13 19:00,5.737,0.023,0,0
2018-09-13 20:00,4.674,0.052,0,0
2018-09-13 21:00,2.627,0.075,0,0
2018-09-13 22:00,0.176,0.089,0,0
2018-09-13 23:00,-2.504,0.075,0,0
2018-09-14 00:00,-4.716,0.062,0,0
2018-09-14 01:00,-5.723,0.007,0,0
2018-09-14 02:00,-4.765,0.052,0,0
2018-09-14 03:00,-2.993,0.052,0,0
2018-09-14 04:00,-0.628,0.075,0,0
2018-09-14 05:00,1.892,0.000,1,0
2018-09-14 06:00,4.087,0.046,0,0
2018-09-14 07:00,5.124,0.013,0,0
2018-09-14 08:00,4.641,0.036,0,0
2018-09-14 09:00,3.162,0.062,0,0
2018-09-14 10:00,1.190,0.062,0,0
2018-09-14 11:00,-1.248,0.089,0,0
2018-09-14 12:00,-3.535,0.052,0,0
2018-09-14 13:00,-4.899,0.033,0,0
2018-09-14 14:00,-4.519,0.039,0,0
2018-09-14 15:00,-2.773,0.069,0,0
2018-09-14 16:00,-0.805,0.069,0,0
2018-09-14 17:00,1.623,0.066,0,0
2018-09-14 18:00,3.854,0.075,0,0
2018-09-14 19:00,5.258,0.033,0,0
2018-09-14 20:00,5.265,0.033,0,0
2018-09-14 21:00,4.041,0.056,0,0
2018-09-14 22:00,2.128,0.066,0,0
2018-09-14 23:00,-0.149,0.089,0,0
2018-09-15 00:00,-2.619,0.075,0,0
2018-09-15 01:00,-4.489,0.043,0,0
2018-09-15 02:00,-5.103,0.010,0,0
2018-09-15 03:00,-4.043,0.049,0,0
2018-09-15 04:00,-2.327,0.056,0,0
2018-09-15 05:00,-0.205,0.072,0,0
2018-09-15 06:00,2.148,0.075,0,0
2018-09-15 07:00,3.926,0.039,0,0
2018-09-15 08:00,4.569,0.007,0,0
2018-09-15 09:00,4.093,0.030,0,0
2018-09-15 10:00,2.584,0.049,0,0
2018-09-15 11:00,0.711,0.066,0,0
2018-09-15 12:00,-1.596,0.062,0,0
2018-09-15 13:00,-3.535,0.049,0,0
2018-09-15 14:00,-4.456,0.016,0,0
2018-09-15 15:00,-3.817,0.049,0,0
2018-09-15 16:00,-2.409,0.046,0,0
2018-09-15 17:00,-0.392,0.092,0,0
2018-09-15 18:00,1.777,0.066,0,0
2018-09-15 19:00,3.792,0.059,0,0
2018-09-15 20:00,4.871,0.026,0,0
2018-09-15 21:00,4.704,0.023,0,0
2018-09-15 22:00,3.457,0.052,0,0
2018-09-15 23:00,1.620,0.059,0,0
2018-09-16 00:00,-0.631,0.079,0,0
2018-09-16 01:00,-2.859,0.066,0,0
2018-09-16 02:00,-4.483,0.049,0,0
2018-09-16 03:00,-4.801,0.020,0,0
2018-09-16 04:00,-3.715,0.046,0,0
2018-09-16 05:00,-2.209,0.062,0,0
2018-09-16 06:00,-0.247,0.082,0,0
2018-09-16 07:00,1.928,0.066,0,0
2018-09-16 08:00,3.444,0.046,0,0
2018-09-16 09:00,4.047,0.007,0,0
2018-09-16 10:00,3.395,0.046,0,0
2018-09-16 11:00,2.135,0.056,0,0
2018-09-16 12:00,0.389,0.072,0,0
2018-09-16 13:00,-1.563,0.052,0,0
2018-09-16 14:00,-3.200,0.043,0,0
2018-09-16 15:00,-4.004,0.030,0,0
2018-09-16 16:00,-3.272,0.039,0,0
2018-09-16 17:00,-1.714,0.043,0,0
2018-09-16 18:00,0.104,0.062,0,0
2018-09-16 19:00,2.154,0.082,0,0
2018-09-16 20:00,3.788,0.059,0,0
2018-09-16 21:00,4.809,0.023,0,0
2018-09-16 22:00,4.517,0.030,0,0
2018-09-16 23:00,3.244,0.049,0,0
2018-09-17 00:00,1.600,0.052,0,0
2018-09-17 01:00,-0.487,0.079,0,0
2018-09-17 02:00,-2.468,0.059,0,0
2018-09-17 03:00,-3.925,0.033,0,0
2018-09-17 04:00,-4.119,0.016,0,0
2018-09-17 05:00,-3.131,0.033,0,0
2018-09-17 06:00,-1.832,0.052,0,0
2018-09-17 07:00,-0.172,0.066,0,0
2018-09-17 08:00,1.734,0.062,0,0
2018-09-17 09:00,3.188,0.026,0,0
2018-09-17 10:00,3.624,0.023,0,0
2018-09-17 11:00,2.968,0.049,0,0
2018-09-17 12:00,1.761,0.066,0,0
2018-09-17 13:00,0.268,0.059,0,0
2018-09-17 14:00,-1.543,0.049,0,0
2018-09-17 15:00,-3.059,0.056,0,0
2018-09-17 16:00,-3.541,0.020,0,0
2018-09-17 17:00,-2.826,0.046,0,0
2018-09-17 18:00,-1.504,0.049,0,0
2018-09-17 19:00,0.199,0.046,0,0
2018-09-17 20:00,1.974,0.066,0,0
2018-09-17 21:00,3.559,0.069,0,0
2018-09-17 22:00,4.389,0.026,0,0
2018-09-17 23:00,4.149,0.023,0,0
2018-09-18 00:00,3.014,0.043,0,0
2018-09-18 01:00,1.315,0.079,0,0
2018-09-18 02:00,-0.647,0.052,0,0
2018-09-18 03:00,-2.485,0.066,0,0
2018-09-18 04:00,-3.771,0.030,0,0
2018-09-18 05:00,-3.902,0.020,0,0
2018-09-18 06:00,-3.010,0.023,0,0
2018-09-18 07:00,-1.802,0.062,0,0
2018-09-18 08:00,-0.034,0.062,0,0
2018-09-18 09:00,1.708,0.069,0,0
2018-09-18 10:00,3.089,0.033,0,0
2018-09-18 11:00,3.614,0.016,0,0
2018-09-18 12:00,3.030,0.030,0,0
2018-09-18 13:00,2.184,0.049,0,0
2018-09-18 14:00,0.649,0.052,0,0
2018-09-18 15:00,-1.071,0.052,0,0
2018-09-18 16:00,-2.413,0.030,0,0
2018-09-18 17:00,-3.000,0.013,0,0
2018-09-18 18:00,-2.258,0.039,0,0
2018-09-18 19:00,-0.989,0.039,0,0
2018-09-18 20:00,0.481,0.043,0,0
2018-09-18 21:00,2.289,0.056,0,0
2018-09-18 22:00,3.929,0.049,0,0
2018-09-18 23:00,4.677,0.013,0,0
2018-09-19 00:00,4.372,0.036,0,0
2018-09-19 01:00,3.398,0.039,0,0
2018-09-19 02:00,1.774,0.056,0,0
2018-09-19 03:00,-0.011,0.059,0,0
2018-09-19 04:00,-1.819,0.059,0,0
2018-09-19 05:00,-3.167,0.016,0,0
2018-09-19 06:00,-3.184,0.007,0,0
2018-09-19 07:00,-2.514,0.033,0,0
2018-09-19 08:00,-1.126,0.052,0,0
2018-09-19 09:00,0.491,0.049,0,0
2018-09-19 10:00,2.305,0.066,0,0
2018-09-19 11:00,3.762,0.036,0,0
2018-09-19 12:00,4.038,0.033,0,0
2018-09-19 13:00,3.785,0.043,0,0
2018-09-19 14:00,2.673,0.062,0,0
2018-09-19 15:00,1.177,0.066,0,0
2018-09-19 16:00,-0.428,0.066,0,0
2018-09-19 17:00,-1.861,0.046,0,0
2018-09-19 18:00,-2.393,0.026,0,0
2018-09-19 19:00,-1.691,0.059,0,0
2018-09-19 20:00,-0.546,0.046,0,0
2018-09-19 21:00,0.960,0.066,0,0
2018-09-19 22:00,2.640,0.069,0,0
2018-09-19 23:00,4.202,0.036,0,0
2018-09-20 00:00,4.992,0.026,0,0
2018-09-20 01:00,4.631,0.039,0,0
2018-09-20 02:00,3.519,0.046,0,0
2018-09-20 03:00,2.020,0.066,0,0
2018-09-20 04:00,0.097,0.062,0,0
2018-09-20 05:00,-1.642,0.059,0,0
2018-09-20 06:00,-2.937,0.030,0,0
2018-09-20 07:00,-3.046,0.036,0,0
2018-09-20 08:00,-2.091,0.039,0,0
2018-09-20 09:00,-0.815,0.072,0,0
2018-09-20 10:00,0.744,0.056,0,0
2018-09-20 11:00,2.378,0.056,0,0
2018-09-20 12:00,3.749,0.043,0,0
2018-09-20 13:00,4.054,0.033,0,0
2018-09-20 14:00,3.509,0.036,0,0
2018-09-20 15:00,2.423,0.052,0,0
2018-09-20 16:00,0.727,0.069,0,0
2018-09-20 17:00,-0.923,0.069,0,0
2018-09-20 18:00,-2.534,0.049,0,0
2018-09-20 19:00,-2.911,0.030,0,0
2018-09-20 20:00,-2.278,0.046,0,0
2018-09-20 21:00,-1.061,0.049,0,0
2018-09-20 22:00,0.603,0.056,0,0
2018-09-20 23:00,2.371,0.069,0,0
2018-09-21 00:00,3.778,0.052,0,0
2018-09-21 01:00,4.599,0.020,0,0
2018-09-21 02:00,4.146,0.036,0,0
2018-09-21 03:00,2.906,0.056,0,0
2018-09-21 04:00,1.337,0.036,0,0
2018-09-21 05:00,-0.782,0.062,0,0
2018-09-21 06:00,-2.557,0.049,0,0
2018-09-21 07:00,-3.813,0.010,0,0
2018-09-21 08:00,-3.794,0.010,0,0
2018-09-21 09:00,-2.750,0.059,0,0
2018-09-21 10:00,-1.258,0.066,0,0
2018-09-21 11:00,0.458,0.033,0,0
2018-09-21 12:00,2.233,0.056,0,0
2018-09-21 13:00,3.454,0.016,0,0
2018-09-21 14:00,3.854,0.026,0,0
2018-09-21 15:00,3.345,0.043,0,0
2018-09-21 16:00,1.836,0.059,0,0
2018-09-21 17:00,0.265,0.059,0,0
2018-09-21 18:00,-1.589,0.066,0,0
2018-09-21 19:00,-3.039,0.036,0,0
2018-09-21 20:00,-3.334,0.033,0,0
2018-09-21 21:00,-2.514,0.056,0,0
2018-09-21 22:00,-1.035,0.066,0,0
2018-09-21 23:00,0.760,0.069,0,0
2018-09-22 00:00,2.551,0.066,0,0
2018-09-22 01:00,4.113,0.043,0,0
2018-09-22 02:00,4.690,0.023,0,0
2018-09-22 03:00,3.969,0.039,0,0
2018-09-22 04:00,2.601,0.069,0,0
2018-09-22 05:00,0.665,0.082,0,0
2018-09-22 06:00,-1.392,0.062,0,0
2018-09-22 07:00,-3.210,0.062,0,0
2018-09-22 08:00,-4.552,0.039,0,0
2018-09-22 09:00,-3.958,0.043,0,0
2018-09-22 10:00,-2.731,0.049,0,0
2018-09-22 11:00,-1.035,0.049,0,0
2018-09-22 12:00,0.622,0.049,0,0
2018-09-22 13:00,2.545,0.046,0,0
2018-09-22 14:00,3.582,0.016,0,0
2018-09-22 15:00,3.578,0.036,0,0
2018-09-22 16:00,2.633,0.046,0,0
2018-09-22 17:00,0.898,0.026,0,0
2018-09-22 18:00,-0.949,0.056,0,0
2018-09-22 19:00,-3.029,0.039,0,0
2018-09-22 20:00,-4.394,0.039,0,0
2018-09-22 21:00,-4.332,0.046,0,0
2018-09-22 22:00,-2.977,0.049,0,0
2018-09-22 23:00,-1.156,0.043,0,0
2018-09-23 00:00,0.881,0.059,0,0
2018-09-23 01:00,2.922,0.056,0,0
2018-09-23 02:00,4.248,0.030,0,0
2018-09-23 03:00,4.576,0.030,0,0
2018-09-23 04:00,3.759,0.062,0,0
2018-09-23 05:00,1.938,0.069,0,0
2018-09-23 06:00,0.074,0.049,0,0
2018-09-23 07:00,-2.029,0.056,0,0
2018-09-23 08:00,-3.787,0.036,0,0
2018-09-23 09:00,-4.351,0.007,0,0
2018-09-23 10:00,-3.384,0.046,0,0
2018-09-23 11:00,-1.937,0.049,0,0
2018-09-23 12:00,-0.001,0.056,0,0
2018-09-23 13:00,1.977,0.066,0,0
2018-09-23 14:00,3.637,0.062,0,0
2018-09-23 15:00,4.362,0.016,0,0
2018-09-23 16:00,3.847,0.043,0,0
2018-09-23 17:00,2.545,0.059,0,0
2018-09-23 18:00,0.704,0.059,0,0
2018-09-23 19:00,-1.510,0.069,0,0
2018-09-23 20:00,-3.393,0.049,0,0
2018-09-23 21:00,-4.434,0.026,0,0
2018-09-23 22:00,-3.922,0.059,0,0
2018-09-23 23:00,-2.294,0.056,0,0
2018-09-24 00:00,-0.365,0.062,0,0
2018-09-24 01:00,1.669,0.069,0,0
2018-09-24 02:00,3.634,0.039,0,0
2018-09-24 03:00,4.566,0.020,0,0
2018-09-24 04:00,4.421,0.023,0,0
2018-09-24 05:00,3.116,0.043,0,0
2018-09-24 06:00,1.272,0.049,0,0
2018-09-24 07:00,-0.759,0.069,0,0
2018-09-24 08:00,-2.901,0.066,0,0
2018-09-24 09:00,-4.181,0.039,0,0
2018-09-24 10:00,-4.007,0.052,0,0
2018-09-24 11:00,-2.810,0.066,0,0
2018-09-24 12:00,-1.163,0.066,0,0
2018-09-24 13:00,0.990,0.079,0,0
2018-09-24 14:00,3.132,0.056,0,0
2018-09-24 15:00,4.526,0.049,0,0
2018-09-24 16:00,4.805,0.039,0,0
2018-09-24 17:00,3.703,0.056,0,0
2018-09-24 18:00,2.063,0.066,0,0
2018-09-24 19:00,-0.136,0.056,0,0
2018-09-24 20:00,-2.301,0.072,0,0
2018-09-24 21:00,-4.082,0.049,0,0
2018-09-24 22:00,-4.575,0.033,0,0
2018-09-24 23:00,-3.443,0.066,0,0
2018-09-25 00:00,-1.622,0.092,0,0
2018-09-25 01:00,0.317,0.089,0,0
2018-09-25 02:00,2.463,0.059,0,0
2018-09-25 03:00,4.139,0.039,0,0
2018-09-25 04:00,4.694,0.036,0,0
2018-09-25 05:00,3.877,0.062,0,0
2018-09-25 06:00,2.364,0.062,0,0
2018-09-25 07:00,0.258,0.072,0,0
2018-09-25 08:00,-1.930,0.079,0,0
2018-09-25 09:00,-3.912,0.062,0,0
2018-09-25 10:00,-5.008,0.033,0,0
2018-09-25 11:00,-4.194,0.059,0,0
2018-09-25 12:00,-2.422,0.062,0,0
2018-09-25 13:00,-0.392,0.059,0,0
2018-09-25 14:00,1.830,0.072,0,0
2018-09-25 15:00,3.877,0.059,0,0
2018-09-25 16:00,4.874,0.039,0,0
2018-09-25 17:00,4.664,0.049,0,0
2018-09-25 18:00,3.237,0.056,0,0
2018-09-25 19:00,1.305,0.072,0,0
2018-09-25 20:00,-0.943,0.089,0,0
2018-09-25 21:00,-3.131,0.059,0,0
2018-09-25 22:00,-4.365,0.036,0,0
2018-09-25 23:00,-4.243,0.056,0,0
2018-09-26 00:00,-2.727,0.059,0,0
2018-09-26 01:00,-0.716,0.072,0,0
2018-09-26 02:00,1.508,0.069,0,0
2018-09-26 03:00,3.595,0.062,0,0
2018-09-26 04:00,5.009,0.026,0,0
2018-09-26 05:00,4.910,0.010,0,0
2018-09-26 06:00,3.956,0.036,0,0
2018-09-26 07:00,1.885,0.062,0,0
2018-09-26 08:00,-0.460,0.069,0,0
2018-09-26 09:00,-2.662,0.069,0,0
2018-09-26 10:00,-4.470,0.033,0,0
2018-09-26 11:00,-4.909,0.023,0,0
2018-09-26 12:00,-3.515,0.052,0,0
2018-09-26 13:00,-1.602,0.072,0,0
2018-09-26 14:00,0.675,0.082,0,0
2018-09-26 15:00,2.935,0.066,0,0
2018-09-26 16:00,4.510,0.043,0,0
2018-09-26 17:00,5.114,0.036,0,0
2018-09-26 18:00,4.182,0.069,0,0
2018-09-26 19:00,2.591,0.069,0,0
2018-09-26 20:00,0.386,0.095,0,0
2018-09-26 21:00,-2.140,0.079,0,0
2018-09-26 22:00,-4.102,0.033,0,0
2018-09-26 23:00,-4.981,0.039,0,0
2018-09-27 00:00,-4.092,0.043,0,0
2018-09-27 01:00,-2.294,0.092,0,0
2018-09-27 02:00,-0.100,0.059,0,0
2018-09-27 03:00,2.292,0.079,0,0
2018-09-27 04:00,4.290,0.059,0,0
2018-09-27 05:00,5.071,0.020,0,0
2018-09-27 06:00,4.648,0.043,0,0
2018-09-27 07:00,2.998,0.066,0,0
2018-09-27 08:00,0.954,0.066,0,0
2018-09-27 09:00,-1.320,0.079,0,0
2018-09-27 10:00,-3.597,0.062,0,0
2018-09-27 11:00,-4.876,0.030,0,0
2018-09-27 12:00,-4.578,0.052,0,0
2018-09-27 13:00,-2.718,0.082,0,0
2018-09-27 14:00,-0.684,0.082,0,0
2018-09-27 15:00,1.692,0.102,0,0
2018-09-27 16:00,3.710,0.092,0,0
2018-09-27 17:00,4.884,0.033,0,0
2018-09-27 18:00,4.976,0.039,0,0
2018-09-27 19:00,3.716,0.066,0,0
2018-09-27 20:00,1.607,0.056,0,0
2018-09-27 21:00,-0.697,0.092,0,0
2018-09-27 22:00,-3.039,0.066,0,0
2018-09-27 23:00,-4.581,0.056,0,0
2018-09-28 00:00,-4.709,0.046,0,0
2018-09-28 01:00,-3.325,0.036,0,0
2018-09-28 02:00,-1.402,0.049,0,0
2018-09-28 03:00,0.826,0.079,0,0
2018-09-28 04:00,3.244,0.085,0,0
2018-09-28 05:00,4.868,0.072,0,0
2018-09-28 06:00,5.232,0.026,0,0
2018-09-28 07:00,4.284,0.059,0,0
2018-09-28 08:00,2.433,0.069,0,0
2018-09-28 09:00,0.491,0.075,0,0
2018-09-28 10:00,-1.881,0.062,0,0
2018-09-28 11:00,-3.758,0.082,0,0
2018-09-28 12:00,-4.371,0.036,0,0
2018-09-28 13:00,-3.430,0.069,0,0
2018-09-28 14:00,-1.353,0.075,0,0
2018-09-28 15:00,0.783,0.079,0,0
2018-09-28 16:00,3.080,0.089,0,0
2018-09-28 17:00,4.979,0.072,0,0
2018-09-28 18:00,5.445,0.036,0,0
2018-09-28 19:00,4.766,0.030,0,0
2018-09-28 20:00,3.286,0.062,0,0
2018-09-28 21:00,1.003,0.062,0,0
2018-09-28 22:00,-1.418,0.072,0,0
2018-09-28 23:00,-3.708,0.052,0,0
2018-09-29 00:00,-5.008,0.036,0,0
2018-09-29 01:00,-4.568,0.033,0,0
2018-09-29 02:00,-2.977,0.049,0,0
2018-09-29 03:00,-0.982,0.072,0,0
2018-09-29 04:00,1.265,0.085,0,0
2018-09-29 05:00,3.401,0.062,0,0
2018-09-29 06:00,4.671,0.026,0,0
2018-09-29 07:00,4.622,0.026,0,0
2018-09-29 08:00,3.332,0.049,0,0
2018-09-29 09:00,1.557,0.075,0,0
2018-09-29 10:00,-0.710,0.085,0,0
2018-09-29 11:00,-2.980,0.062,0,0
2018-09-29 12:00,-4.539,0.039,0,0
2018-09-29 13:00,-4.578,0.043,0,0
2018-09-29 14:00,-3.065,0.059,0,0
2018-09-29 15:00,-1.074,0.056,0,0
2018-09-29 16:00,1.068,0.075,0,0
2018-09-29 17:00,3.473,0.062,0,0
2018-09-29 18:00,4.881,0.043,0,0
2018-09-29 19:00,5.238,0.030,0,0
2018-09-29 20:00,4.238,0.062,0,0
2018-09-29 21:00,2.351,0.072,0,0
2018-09-29 22:00,0.156,0.089,0,0
2018-09-29 23:00,-2.340,0.066,0,0
2018-09-30 00:00,-4.355,0.052,0,0
2018-09-30 01:00,-5.175,0.007,0,0
2018-09-30 02:00,-4.450,0.052,0,0
2018-09-30 03:00,-2.790,0.066,0,0
2018-09-30 04:00,-0.713,0.066,0,0
2018-09-30 05:00,1.567,0.069,0,0
2018-09-30 06:00,3.598,0.049,0,0
2018-09-30 07:00,4.471,0.010,0,0
2018-09-30 08:00,4.211,0.030,0,0
2018-09-30 09:00,2.939,0.043,0,0
2018-09-30 10:00,0.986,0.066,0,0
2018-09-30 11:00,-1.163,0.079,0,0
2018-09-30 12:00,-3.262,0.052,0,0
2018-09-30 13:00,-4.358,0.020,0,0
2018-09-30 14:00,-3.912,0.049,0,0
2018-09-30 15:00,-2.416,0.046,0,0
2018-09-30 16:00,-0.319,0.056,0,0
2018-09-30 17:00,1.869,0.092,0,0
2018-09-30 18:00,3.982,0.049,0,0
2018-09-30 19:00,5.281,0.023,0,0
2018-09-30 20:00,5.199,0.030,0,0
2018-09-30 21:00,4.064,0.056,0,0
2018-09-30 22:00,2.118,0.062,0,0
2018-09-30 23:00,-0.172,0.089,0,0
2018-10-01 00:00,-2.567,0.069,0,0
2018-10-01 01:00,-4.414,0.036,0,0
2018-10-01 02:00,-4.985,0.007,0,0
2018-10-01 03:00,-4.142,0.046,0,0
2018-10-01 04:00,-2.475,0.075,0,0
2018-10-01 05:00,-0.503,0.052,0,0
2018-10-01 06:00,1.803,0.095,0,0
2018-10-01 07:00,3.516,0.056,0,0
2018-10-01 08:00,4.241,0.010,0,0
2018-10-01 09:00,3.920,0.033,0,0
2018-10-01 10:00,2.414,0.056,0,0
2018-10-01 11:00,0.714,0.075,0,0
2018-10-01 12:00,-1.530,0.066,0,0
2018-10-01 13:00,-3.384,0.049,0,0
2018-10-01 14:00,-4.207,0.020,0,0
2018-10-01 15:00,-3.551,0.043,0,0
2018-10-01 16:00,-2.130,0.059,0,0
2018-10-01 17:00,-0.175,0.072,0,0
2018-10-01 18:00,2.069,0.085,0,0
2018-10-01 19:00,3.979,0.046,0,0
2018-10-01 20:00,5.124,0.030,0,0
2018-10-01 21:00,4.920,0.033,0,0
2018-10-01 22:00,3.601,0.072,0,0
2018-10-01 23:00,1.895,0.066,0,0
2018-10-02 00:00,-0.398,0.092,0,0
2018-10-02 01:00,-2.721,0.062,0,0
2018-10-02 02:00,-4.512,0.043,0,0
2018-10-02 03:00,-4.998,0.030,0,0
2018-10-02 04:00,-4.014,0.049,0,0
2018-10-02 05:00,-2.399,0.059,0,0
2018-10-02 06:00,-0.441,0.072,0,0
2018-10-02 07:00,1.761,0.062,0,0
2018-10-02 08:00,3.365,0.052,0,0
2018-10-02 09:00,4.116,0.020,0,0
2018-10-02 10:00,3.605,0.039,0,0
2018-10-02 11:00,2.364,0.059,0,0
2018-10-02 12:00,0.580,0.069,0,0
2018-10-02 13:00,-1.363,0.056,0,0
2018-10-02 14:00,-3.006,0.059,0,0
2018-10-02 15:00,-3.859,0.036,0,0
2018-10-02 16:00,-3.141,0.052,0,0
2018-10-02 17:00,-1.651,0.052,0,0
2018-10-02 18:00,0.324,0.069,0,0
2018-10-02 19:00,2.466,0.066,0,0
2018-10-02 20:00,4.438,0.000,1,0
2018-10-02 21:00,5.317,0.000,1,0
2018-10-02 22:00,5.261,0.000,1,0
2018-10-02 23:00,4.057,0.000,1,0
2018-10-03 00:00,2.076,0.000,1,0
2018-10-03 01:00,-0.477,0.000,1,0
2018-10-03 02:00,-2.600,0.000,1,0
2018-10-03 03:00,-3.918,0.000,1,0
2018-10-03 04:00,-4.171,0.000,1,0
2018-10-03 05:00,-3.436,0.000,1,0
2018-10-03 06:00,-1.753,0.000,1,0
2018-10-03 07:00,0.274,0.000,1,0
2018-10-03 08:00,2.456,0.000,1,0
2018-10-03 09:00,3.942,0.000,1,0
2018-10-03 10:00,4.559,0.000,1,0
2018-10-03 11:00,3.956,0.023,0,0
2018-10-03 12:00,2.991,0.052,0,0
2018-10-03 13:00,1.088,0.066,0,0
2018-10-03 14:00,-0.936,0.082,0,0
2018-10-03 15:00,-2.672,0.049,0,0
2018-10-03 16:00,-3.708,0.013,0,0
2018-10-03 17:00,-3.088,0.039,0,0
2018-10-03 18:00,-1.638,0.043,0,0
2018-10-03 19:00,0.038,0.069,0,0
2018-10-03 20:00,2.279,0.079,0,0
2018-10-03 21:00,4.192,0.043,0,0
2018-10-03 22:00,5.402,0.030,0,0
2018-10-03 23:00,5.127,0.033,0,0
2018-10-04 00:00,4.041,0.043,0,0
2018-10-04 01:00,2.328,0.059,0,0
2018-10-04 02:00,-0.037,0.066,0,0
2018-10-04 03:00,-2.271,0.062,0,0
2018-10-04 04:00,-4.214,0.049,0,0
2018-10-04 05:00,-4.653,0.020,0,0
2018-10-04 06:00,-3.909,0.033,0,0
2018-10-04 07:00,-2.390,0.043,0,0
2018-10-04 08:00,-0.503,0.066,0,0
2018-10-04 09:00,1.810,0.066,0,0
2018-10-04 10:00,3.559,0.039,0,0
2018-10-04 11:00,4.395,0.023,0,0
2018-10-04 12:00,4.002,0.036,0,0
2018-10-04 13:00,2.863,0.059,0,0
2018-10-04 14:00,1.141,0.052,0,0
2018-10-04 15:00,-0.995,0.052,0,0
2018-10-04 16:00,-3.026,0.036,0,0
2018-10-04 17:00,-3.991,0.030,0,0
2018-10-04 18:00,-3.630,0.039,0,0
2018-10-04 19:00,-2.248,0.052,0,0
2018-10-04 20:00,-0.424,0.066,0,0
2018-10-04 21:00,1.833,0.105,0,0
2018-10-04 22:00,4.031,0.056,0,0
2018-10-04 23:00,5.455,0.026,0,0
2018-10-05 00:00,5.475,0.030,0,0
2018-10-05 01:00,4.353,0.052,0,0
2018-10-05 02:00,2.460,0.052,0,0
2018-10-05 03:00,0.248,0.085,0,0
2018-10-05 04:00,-2.406,0.095,0,0
2018-10-05 05:00,-4.329,0.043,0,0
2018-10-05 06:00,-5.182,0.010,0,0
2018-10-05 07:00,-4.407,0.039,0,0
2018-10-05 08:00,-2.882,0.049,0,0
2018-10-05 09:00,-0.723,0.095,0,0
2018-10-05 10:00,1.666,0.082,0,0
2018-10-05 11:00,3.746,0.052,0,0
2018-10-05 12:00,4.756,0.036,0,0
2018-10-05 13:00,4.556,0.046,0,0
2018-10-05 14:00,3.244,0.059,0,0
2018-10-05 15:00,1.452,0.085,0,0
2018-10-05 16:00,-0.933,0.085,0,0
2018-10-05 17:00,-3.170,0.062,0,0
2018-10-05 18:00,-4.499,0.059,0,0
2018-10-05 19:00,-4.132,0.052,0,0
2018-10-05 20:00,-2.708,0.062,0,0
2018-10-05 21:00,-0.752,0.095,0,0
2018-10-05 22:00,1.708,0.056,0,0
2018-10-05 23:00,4.110,0.092,0,0
2018-10-06 00:00,5.678,0.023,0,0
2018-10-06 01:00,5.908,0.043,0,0
2018-10-06 02:00,4.815,0.052,0,0
2018-10-06 03:00,2.948,0.079,0,0
2018-10-06 04:00,0.458,0.098,0,0
2018-10-06 05:00,-2.166,0.082,0,0
2018-10-06 06:00,-4.411,0.056,0,0
2018-10-06 07:00,-5.359,0.010,0,0
2018-10-06 08:00,-4.637,0.039,0,0
2018-10-06 09:00,-2.816,0.049,0,0
2018-10-06 10:00,-0.726,0.072,0,0
2018-10-06 11:00,1.928,0.056,0,0
2018-10-06 12:00,4.070,0.069,0,0
2018-10-06 13:00,5.215,0.046,0,0
2018-10-06 14:00,4.989,0.036,0,0
2018-10-06 15:00,3.650,0.052,0,0
2018-10-06 16:00,1.603,0.079,0,0
2018-10-06 17:00,-0.969,0.072,0,0
2018-10-06 18:00,-3.311,0.069,0,0
2018-10-06 19:00,-4.981,0.036,0,0
2018-10-06 20:00,-4.893,0.052,0,0
2018-10-06 21:00,-3.039,0.059,0,0
2018-10-06 22:00,-0.949,0.066,0,0
2018-10-06 23:00,1.587,0.092,0,0
2018-10-07 00:00,4.159,0.079,0,0
2018-10-07 01:00,5.704,0.036,0,0
2018-10-07 02:00,6.006,0.039,0,0
2018-10-07 03:00,4.914,0.049,0,0
2018-10-07 04:00,2.837,0.062,0,0
2018-10-07 05:00,0.307,0.089,0,0
2018-10-07 06:00,-2.609,0.092,0,0
2018-10-07 07:00,-5.027,0.059,0,0
2018-10-07 08:00,-6.018,0.010,0,0
2018-10-07 09:00,-5.047,0.062,0,0
2018-10-07 10:00,-3.085,0.066,0,0
2018-10-07 11:00,-0.759,0.072,0,0
2018-10-07 12:00,2.177,0.085,0,0
2018-10-07 13:00,4.507,0.056,0,0
2018-10-07 14:00,5.599,0.023,0,0
2018-10-07 15:00,5.265,0.033,0,0
2018-10-07 16:00,3.647,0.072,0,0
2018-10-07 17:00,1.420,0.075,0,0
2018-10-07 18:00,-1.222,0.079,0,0
2018-10-07 19:00,-3.925,0.072,0,0
2018-10-07 20:00,-5.454,0.046,0,0
2018-10-07 21:00,-5.319,0.052,0,0
2018-10-07 22:00,-3.492,0.059,0,0
2018-10-07 23:00,-1.140,0.082,0,0
2018-10-08 00:00,1.577,0.089,0,0
2018-10-08 01:00,4.438,0.079,0,0
2018-10-08 02:00,5.947,0.036,0,0
2018-10-08 03:00,6.196,0.046,0,0
2018-10-08 04:00,4.848,0.066,0,0
2018-10-08 05:00,2.732,0.082,0,0
2018-10-08 06:00,0.045,0.095,0,0
2018-10-08 07:00,-2.790,0.092,0,0
2018-10-08 08:00,-5.109,0.062,0,0
2018-10-08 09:00,-5.795,0.026,0,0
2018-10-08 10:00,-4.804,0.066,0,0
2018-10-08 11:00,-2.531,0.082,0,0
2018-10-08 12:00,-0.040,0.092,0,0
2018-10-08 13:00,2.889,0.098,0,0
2018-10-08 14:00,5.179,0.066,0,0
2018-10-08 15:00,5.986,0.030,0,0
2018-10-08 16:00,5.373,0.049,0,0
2018-10-08 17:00,3.585,0.079,0,0
2018-10-08 18:00,1.128,0.079,0,0
2018-10-08 19:00,-1.681,0.112,0,0
2018-10-08 20:00,-4.591,0.069,0,0
2018-10-08 21:00,-6.038,0.026,0,0
2018-10-08 22:00,-5.595,0.039,0,0
2018-10-08 23:00,-3.640,0.059,0,0
2018-10-09 00:00,-1.146,0.082,0,0
2018-10-09 01:00,1.564,0.085,0,0
2018-10-09 02:00,4.372,0.066,0,0
2018-10-09 03:00,5.799,0.020,0,0
2018-10-09 04:00,5.872,0.013,0,0
2018-10-09 05:00,4.418,0.066,0,0
2018-10-09 06:00,2.115,0.082,0,0
2018-10-09 07:00,-0.575,0.102,0,0
2018-10-09 08:00,-3.518,0.082,0,0
2018-10-09 09:00,-5.651,0.049,0,0
2018-10-09 10:00,-6.192,0.030,0,0
2018-10-09 11:00,-4.775,0.066,0,0
2018-10-09 12:00,-2.540,0.089,0,0
2018-10-09 13:00,0.363,0.095,0,0
2018-10-09 14:00,3.145,0.079,0,0
2018-10-09 15:00,5.350,0.049,0,0
2018-10-09 16:00,5.977,0.023,0,0
2018-10-09 17:00,4.999,0.049,0,0
2018-10-09 18:00,3.034,0.069,0,0
2018-10-09 19:00,0.452,0.092,0,0
2018-10-09 20:00,-2.659,0.095,0,0
2018-10-09 21:00,-5.221,0.043,0,0
2018-10-09 22:00,-6.573,0.023,0,0
2018-10-09 23:00,-5.746,0.043,0,0
2018-10-10 00:00,-3.718,0.069,0,0
2018-10-10 01:00,-1.218,0.066,0,0
2018-10-10 02:00,1.593,0.102,0,0
2018-10-10 03:00,4.234,0.056,0,0
2018-10-10 04:00,5.406,0.036,0,0
2018-10-10 05:00,5.215,0.052,0,0
2018-10-10 06:00,3.585,0.079,0,0
2018-10-10 07:00,1.301,0.075,0,0
2018-10-10 08:00,-1.353,0.089,0,0
2018-10-10 09:00,-4.230,0.102,0,0
2018-10-10 10:00,-5.995,0.023,0,0
2018-10-10 11:00,-6.143,0.036,0,0
2018-10-10 12:00,-4.329,0.079,0,0
2018-10-10 13:00,-1.904,0.082,0,0
2018-10-10 14:00,0.960,0.079,0,0
2018-10-10 15:00,3.772,0.095,0,0
2018-10-10 16:00,5.586,0.049,0,0
2018-10-10 17:00,6.045,0.033,0,0
2018-10-10 18:00,4.917,0.095,0,0
2018-10-10 19:00,2.853,0.079,0,0
2018-10-10 20:00,0.127,0.095,0,0
2018-10-10 21:00,-2.836,0.089,0,0
2018-10-10 22:00,-5.142,0.049,0,0
2018-10-10 23:00,-5.969,0.010,0,0
2018-10-11 00:00,-4.844,0.066,0,0
2018-10-11 01:00,-2.806,0.085,0,0
2018-10-11 02:00,-0.191,0.098,0,0
2018-10-11 03:00,2.745,0.092,0,0
2018-10-11 04:00,5.074,0.049,0,0
2018-10-11 05:00,6.029,0.026,0,0
2018-10-11 06:00,5.655,0.052,0,0
2018-10-11 07:00,3.923,0.062,0,0
2018-10-11 08:00,1.643,0.072,0,0
2018-10-11 09:00,-1.021,0.085,0,0
2018-10-11 10:00,-3.426,0.089,0,0
2018-10-11 11:00,-4.716,0.026,0,0
2018-10-11 12:00,-4.312,0.062,0,0
2018-10-11 13:00,-2.403,0.062,0,0
2018-10-11 14:00,0.147,0.075,0,0
2018-10-11 15:00,2.794,0.095,0,0
2018-10-11 16:00,5.337,0.069,0,0
2018-10-11 17:00,6.607,0.016,0,0
2018-10-11 18:00,6.567,0.046,0,0
2018-10-11 19:00,5.101,0.066,0,0
2018-10-11 20:00,2.788,0.085,0,0
2018-10-11 21:00,0.196,0.098,0,0
2018-10-11 22:00,-2.429,0.072,0,0
2018-10-11 23:00,-4.394,0.043,0,0
2018-10-12 00:00,-4.883,0.026,0,0
2018-10-12 01:00,-3.331,0.049,0,0
2018-10-12 02:00,-1.514,0.082,0,0
2018-10-12 03:00,0.963,0.082,0,0
2018-10-12 04:00,3.893,0.102,0,0
2018-10-12 05:00,5.557,0.046,0,0
2018-10-12 06:00,6.154,0.020,0,0
2018-10-12 07:00,5.402,0.082,0,0
2018-10-12 08:00,3.683,0.066,0,0
2018-10-12 09:00,1.347,0.059,0,0
2018-10-12 10:00,-1.284,0.066,0,0
2018-10-12 11:00,-3.466,0.033,0,0
2018-10-12 12:00,-4.427,0.033,0,0
2018-10-12 13:00,-3.439,0.075,0,0
2018-10-12 14:00,-1.176,0.075,0,0
2018-10-12 15:00,1.075,0.095,0,0
2018-10-12 16:00,3.293,0.089,0,0
2018-10-12 17:00,5.803,0.043,0,0
2018-10-12 18:00,6.541,0.020,0,0
2018-10-12 19:00,5.983,0.046,0,0
2018-10-12 20:00,4.497,0.079,0,0
2018-10-12 21:00,1.954,0.056,0,0
2018-10-12 22:00,-0.582,0.089,0,0
2018-10-12 23:00,-3.118,0.069,0,0
2018-10-13 00:00,-4.555,0.043,0,0
2018-10-13 01:00,-4.748,0.052,0,0
2018-10-13 02:00,-3.249,0.052,0,0
2018-10-13 03:00,-1.537,0.062,0,0
2018-10-13 04:00,1.095,0.075,0,0
2018-10-13 05:00,3.352,0.062,0,0
2018-10-13 06:00,5.084,0.056,0,0
2018-10-13 07:00,5.425,0.013,0,0
2018-10-13 08:00,4.162,0.039,0,0
2018-10-13 09:00,2.932,0.056,0,0
2018-10-13 10:00,0.484,0.085,0,0
2018-10-13 11:00,-1.619,0.043,0,0
2018-10-13 12:00,-3.462,0.052,0,0
2018-10-13 13:00,-3.909,0.023,0,0
2018-10-13 14:00,-2.550,0.059,0,0
2018-10-13 15:00,-1.097,0.069,0,0
2018-10-13 16:00,1.308,0.089,0,0
2018-10-13 17:00,3.598,0.069,0,0
2018-10-13 18:00,5.274,0.046,0,0
2018-10-13 19:00,5.904,0.020,0,0
2018-10-13 20:00,4.999,0.056,0,0
2018-10-13 21:00,3.296,0.069,0,0
2018-10-13 22:00,0.924,0.049,0,0
2018-10-13 23:00,-1.428,0.085,0,0
2018-10-14 00:00,-3.613,0.072,0,0
2018-10-14 01:00,-4.719,0.033,0,0
2018-10-14 02:00,-4.476,0.020,0,0
2018-10-14 03:00,-3.082,0.066,0,0
2018-10-14 04:00,-1.258,0.052,0,0
2018-10-14 05:00,0.921,0.075,0,0
2018-10-14 06:00,2.939,0.066,0,0
2018-10-14 07:00,4.067,0.010,0,0
2018-10-14 08:00,4.185,0.016,0,0
2018-10-14 09:00,3.247,0.052,0,0
2018-10-14 10:00,1.623,0.062,0,0
2018-10-14 11:00,-0.382,0.069,0,0
2018-10-14 12:00,-2.445,0.062,0,0
2018-10-14 13:00,-3.817,0.033,0,0
2018-10-14 14:00,-3.961,0.033,0,0
2018-10-14 15:00,-2.731,0.052,0,0
2018-10-14 16:00,-1.054,0.052,0,0
2018-10-14 17:00,0.993,0.052,0,0
2018-10-14 18:00,2.965,0.049,0,0
2018-10-14 19:00,4.300,0.043,0,0
2018-10-14 20:00,4.563,0.033,0,0
2018-10-14 21:00,3.539,0.049,0,0
2018-10-14 22:00,2.072,0.056,0,0
2018-10-14 23:00,0.061,0.062,0,0
2018-10-15 00:00,-2.226,0.046,0,0
2018-10-15 01:00,-3.977,0.046,0,0
2018-10-15 02:00,-5.027,0.036,0,0
2018-10-15 03:00,-4.420,0.039,0,0
2018-10-15 04:00,-2.964,0.043,0,0
2018-10-15 05:00,-1.212,0.062,0,0
2018-10-15 06:00,0.826,0.069,0,0
2018-10-15 07:00,2.673,0.043,0,0
2018-10-15 08:00,3.644,0.016,0,0
2018-10-15 09:00,3.516,0.030,0,0
2018-10-15 10:00,2.548,0.036,0,0
2018-10-15 11:00,1.013,0.049,0,0
2018-10-15 12:00,-0.752,0.059,0,0
2018-10-15 13:00,-2.544,0.039,0,0
2018-10-15 14:00,-3.489,0.013,0,0
2018-10-15 15:00,-3.295,0.030,0,0
2018-10-15 16:00,-2.025,0.052,0,0
2018-10-15 17:00,-0.569,0.062,0,0
2018-10-15 18:00,1.360,0.066,0,0
2018-10-15 19:00,3.050,0.056,0,0
2018-10-15 20:00,4.408,0.036,0,0
2018-10-15 21:00,4.582,0.030,0,0
2018-10-15 22:00,3.670,0.039,0,0
2018-10-15 23:00,2.266,0.056,0,0
2018-10-16 00:00,0.373,0.059,0,0
2018-10-16 01:00,-1.710,0.066,0,0
2018-10-16 02:00,-3.354,0.039,0,0
2018-10-16 03:00,-4.112,0.036,0,0
2018-10-16 04:00,-3.390,0.039,0,0
2018-10-16 05:00,-2.498,0.033,0,0
2018-10-16 06:00,-0.759,0.062,0,0
2018-10-16 07:00,0.806,0.052,0,0
2018-10-16 08:00,2.423,0.036,0,0
2018-10-16 09:00,2.745,0.013,0,0
2018-10-16 10:00,2.689,0.010,0,0
2018-10-16 11:00,1.797,0.072,0,0
2018-10-16 12:00,-0.063,0.046,0,0
2018-10-16 13:00,-1.510,0.069,0,0
2018-10-16 14:00,-3.374,0.036,0,0
2018-10-16 15:00,-4.102,0.033,0,0
2018-10-16 16:00,-3.446,0.026,0,0
2018-10-16 17:00,-2.550,0.026,0,0
2018-10-16 18:00,-0.733,0.079,0,0
2018-10-16 19:00,0.849,0.069,0,0
2018-10-16 20:00,2.525,0.066,0,0
2018-10-16 21:00,3.562,0.033,0,0
2018-10-16 22:00,3.536,0.023,0,0
2018-10-16 23:00,2.817,0.023,0,0
2018-10-17 00:00,1.173,0.062,0,0
2018-10-17 01:00,-0.890,0.059,0,0
2018-10-17 02:00,-2.632,0.049,0,0
2018-10-17 03:00,-4.089,0.030,0,0
2018-10-17 04:00,-4.181,0.013,0,0
2018-10-17 05:00,-3.761,0.043,0,0
2018-10-17 06:00,-2.626,0.046,0,0
2018-10-17 07:00,-0.972,0.039,0,0
2018-10-17 08:00,0.790,0.052,0,0
2018-10-17 09:00,2.578,0.043,0,0
2018-10-17 10:00,3.267,0.030,0,0
2018-10-17 11:00,3.112,0.030,0,0
2018-10-17 12:00,2.364,0.052,0,0
2018-10-17 13:00,0.973,0.066,0,0
2018-10-17 14:00,-0.457,0.052,0,0
2018-10-17 15:00,-1.861,0.046,0,0
2018-10-17 16:00,-2.747,0.039,0,0
2018-10-17 17:00,-2.416,0.039,0,0
2018-10-17 18:00,-1.569,0.052,0,0
2018-10-17 19:00,-0.434,0.052,0,0
2018-10-17 20:00,1.101,0.046,0,0
2018-10-17 21:00,2.653,0.046,0,0
2018-10-17 22:00,3.513,0.026,0,0
2018-10-17 23:00,3.250,0.033,0,0
2018-10-18 00:00,2.725,0.043,0,0
2018-10-18 01:00,1.029,0.062,0,0
2018-10-18 02:00,-0.480,0.043,0,0
2018-10-18 03:00,-2.104,0.046,0,0
2018-10-18 04:00,-3.551,0.036,0,0
2018-10-18 05:00,-4.105,0.013,0,0
2018-10-18 06:00,-3.584,0.030,0,0
2018-10-18 07:00,-2.180,0.049,0,0
2018-10-18 08:00,-1.130,0.043,0,0
2018-10-18 09:00,0.622,0.043,0,0
2018-10-18 10:00,2.095,0.033,0,0
2018-10-18 11:00,2.807,0.007,0,0
2018-10-18 12:00,2.460,0.020,0,0
2018-10-18 13:00,1.541,0.039,0,0
2018-10-18 14:00,0.442,0.049,0,0
2018-10-18 15:00,-1.287,0.056,0,0
2018-10-18 16:00,-2.810,0.046,0,0
2018-10-18 17:00,-3.489,0.013,0,0
2018-10-18 18:00,-3.180,0.039,0,0
2018-10-18 19:00,-2.173,0.030,0,0
2018-10-18 20:00,-1.064,0.046,0,0
2018-10-18 21:00,0.521,0.056,0,0
2018-10-18 22:00,1.987,0.059,0,0
2018-10-18 23:00,2.847,0.023,0,0
2018-10-19 00:00,2.896,0.023,0,0
2018-10-19 01:00,1.915,0.033,0,0
2018-10-19 02:00,0.662,0.043,0,0
2018-10-19 03:00,-1.185,0.052,0,0
2018-10-19 04:00,-3.000,0.033,0,0
2018-10-19 05:00,-4.338,0.033,0,0
2018-10-19 06:00,-4.397,0.020,0,0
2018-10-19 07:00,-3.623,0.030,0,0
2018-10-19 08:00,-2.721,0.056,0,0
2018-10-19 09:00,-1.048,0.049,0,0
2018-10-19 10:00,0.619,0.059,0,0
2018-10-19 11:00,2.046,0.043,0,0
2018-10-19 12:00,2.650,0.000,0,0
2018-10-19 13:00,2.427,0.026,0,0
2018-10-19 14:00,1.557,0.039,0,0
2018-10-19 15:00,0.353,0.052,0,0
2018-10-19 16:00,-1.245,0.075,0,0
2018-10-19 17:00,-2.580,0.043,0,0
2018-10-19 18:00,-3.341,0.046,0,0
2018-10-19 19:00,-3.003,0.049,0,0
2018-10-19 20:00,-1.888,0.049,0,0
2018-10-19 21:00,-0.483,0.059,0,0
2018-10-19 22:00,1.173,0.066,0,0
2018-10-19 23:00,2.722,0.049,0,0
2018-10-20 00:00,3.552,0.046,0,0
2018-10-20 01:00,3.326,0.052,0,0
2018-10-20 02:00,2.581,0.039,0,0
2018-10-20 03:00,1.091,0.052,0,0
2018-10-20 04:00,-0.631,0.066,0,0
2018-10-20 05:00,-2.403,0.066,0,0
2018-10-20 06:00,-3.508,0.016,0,0
2018-10-20 07:00,-3.597,0.020,0,0
2018-10-20 08:00,-2.892,0.039,0,0
2018-10-20 09:00,-1.556,0.066,0,0
2018-10-20 10:00,0.232,0.075,0,0
2018-10-20 11:00,2.033,0.075,0,0
2018-10-20 12:00,3.050,0.039,0,0
2018-10-20 13:00,3.831,0.026,0,0
2018-10-20 14:00,3.293,0.052,0,0
2018-10-20 15:00,2.082,0.052,0,0
2018-10-20 16:00,0.737,0.062,0,0
2018-10-20 17:00,-1.136,0.046,0,0
2018-10-20 18:00,-2.777,0.052,0,0
2018-10-20 19:00,-3.151,0.036,0,0
2018-10-20 20:00,-2.816,0.052,0,0
2018-10-20 21:00,-1.356,0.046,0,0
2018-10-20 22:00,0.110,0.033,0,0
2018-10-20 23:00,1.954,0.062,0,0
2018-10-21 00:00,3.545,0.043,0,0
2018-10-21 01:00,4.366,0.016,0,0
2018-10-21 02:00,3.920,0.033,0,0
2018-10-21 03:00,2.843,0.039,0,0
2018-10-21 04:00,1.144,0.046,0,0
2018-10-21 05:00,-0.805,0.062,0,0
2018-10-21 06:00,-2.577,0.052,0,0
2018-10-21 07:00,-3.804,0.030,0,0
2018-10-21 08:00,-3.574,0.023,0,0
2018-10-21 09:00,-2.475,0.059,0,0
2018-10-21 10:00,-0.857,0.049,0,0
2018-10-21 11:00,0.908,0.069,0,0
2018-10-21 12:00,2.719,0.066,0,0
2018-10-21 13:00,3.949,0.030,0,0
2018-10-21 14:00,4.326,0.023,0,0
2018-10-21 15:00,3.326,0.049,0,0
2018-10-21 16:00,1.767,0.059,0,0
2018-10-21 17:00,-0.129,0.062,0,0
2018-10-21 18:00,-2.107,0.066,0,0
2018-10-21 19:00,-3.705,0.046,0,0
2018-10-21 20:00,-4.142,0.023,0,0
2018-10-21 21:00,-3.331,0.036,0,0
2018-10-21 22:00,-1.802,0.066,0,0
2018-10-21 23:00,0.170,0.066,0,0
2018-10-22 00:00,2.079,0.066,0,0
2018-10-22 01:00,3.782,0.039,0,0
2018-10-22 02:00,4.267,0.013,0,0
2018-10-22 03:00,3.742,0.026,0,0
2018-10-22 04:00,2.492,0.056,0,0
2018-10-22 05:00,0.596,0.052,0,0
2018-10-22 06:00,-1.500,0.075,0,0
2018-10-22 07:00,-3.364,0.046,0,0
2018-10-22 08:00,-4.371,0.030,0,0
2018-10-22 09:00,-3.715,0.033,0,0
2018-10-22 10:00,-2.429,0.059,0,0
2018-10-22 11:00,-0.874,0.056,0,0
2018-10-22 12:00,1.141,0.075,0,0
2018-10-22 13:00,3.060,0.039,0,0
2018-10-22 14:00,4.136,0.026,0,0
2018-10-22 15:00,4.077,0.026,0,0
2018-10-22 16:00,2.824,0.056,0,0
2018-10-22 17:00,1.049,0.049,0,0
2018-10-22 18:00,-1.497,0.000,1,0
2018-10-22 19:00,-3.292,0.000,1,0
2018-10-22 20:00,-4.253,0.000,1,0
2018-10-22 21:00,-4.335,0.000,1,0
2018-10-22 22:00,-3.216,0.000,1,0
2018-10-22 23:00,-1.294,0.000,1,0
2018-10-23 00:00,1.059,0.000,1,0
2018-10-23 01:00,2.912,0.000,1,0
2018-10-23 02:00,4.031,0.000,1,0
2018-10-23 03:00,4.116,0.000,1,0
2018-10-23 04:00,3.116,0.000,1,0
2018-10-23 05:00,1.288,0.000,1,0
2018-10-23 06:00,-1.044,0.000,1,0
2018-10-23 07:00,-3.023,0.000,1,0
2018-10-23 08:00,-4.335,0.000,1,0
2018-10-23 09:00,-4.601,0.000,1,0
2018-10-23 10:00,-3.774,0.000,1,0
2018-10-23 11:00,-2.078,0.000,1,0
2018-10-23 12:00,0.012,0.085,0,0
2018-10-23 13:00,2.322,0.079,0,0
2018-10-23 14:00,4.067,0.049,0,0
2018-10-23 15:00,4.704,0.010,0,0
2018-10-23 16:00,4.169,0.049,0,0
2018-10-23 17:00,2.712,0.052,0,0
2018-10-23 18:00,0.658,0.069,0,0
2018-10-23 19:00,-1.642,0.072,0,0
2018-10-23 20:00,-3.626,0.046,0,0
2018-10-23 21:00,-4.716,0.043,0,0
2018-10-23 22:00,-4.066,0.066,0,0
2018-10-23 23:00,-2.399,0.066,0,0
2018-10-24 00:00,-0.392,0.069,0,0
2018-10-24 01:00,2.066,0.072,0,0
2018-10-24 02:00,4.139,0.066,0,0
2018-10-24 03:00,4.976,0.010,0,0
2018-10-24 04:00,4.802,0.016,0,0
2018-10-24 05:00,3.729,0.049,0,0
2018-10-24 06:00,1.708,0.079,0,0
2018-10-24 07:00,-0.802,0.056,0,0
2018-10-24 08:00,-2.980,0.059,0,0
2018-10-24 09:00,-4.440,0.016,0,0
2018-10-24 10:00,-4.289,0.039,0,0
2018-10-24 11:00,-2.810,0.046,0,0
2018-10-24 12:00,-0.985,0.069,0,0
2018-10-24 13:00,1.584,0.075,0,0
2018-10-24 14:00,3.736,0.049,0,0
2018-10-24 15:00,5.038,0.030,0,0
2018-10-24 16:00,5.304,0.026,0,0
2018-10-24 17:00,4.070,0.066,0,0
2018-10-24 18:00,2.407,0.059,0,0
2018-10-24 19:00,-0.031,0.072,0,0
2018-10-24 20:00,-2.508,0.066,0,0
2018-10-24 21:00,-4.565,0.043,0,0
2018-10-24 22:00,-5.211,0.016,0,0
2018-10-24 23:00,-4.230,0.039,0,0
2018-10-25 00:00,-2.708,0.069,0,0
2018-10-25 01:00,-0.447,0.082,0,0
2018-10-25 02:00,1.941,0.085,0,0
2018-10-25 03:00,3.897,0.039,0,0
2018-10-25 04:00,4.471,0.010,0,0
2018-10-25 05:00,3.897,0.026,0,0
2018-10-25 06:00,2.374,0.072,0,0
2018-10-25 07:00,0.097,0.079,0,0
2018-10-25 08:00,-2.222,0.075,0,0
2018-10-25 09:00,-4.309,0.072,0,0
2018-10-25 10:00,-5.191,0.007,0,0
2018-10-25 11:00,-4.384,0.056,0,0
2018-10-25 12:00,-2.593,0.089,0,0
2018-10-25 13:00,-0.313,0.075,0,0
2018-10-25 14:00,2.135,0.069,0,0
2018-10-25 15:00,4.261,0.059,0,0
2018-10-25 16:00,5.294,0.020,0,0
2018-10-25 17:00,4.874,0.036,0,0
2018-10-25 18:00,3.345,0.075,0,0
2018-10-25 19:00,1.128,0.085,0,0
2018-10-25 20:00,-1.579,0.095,0,0
2018-10-25 21:00,-3.912,0.072,0,0
2018-10-25 22:00,-5.510,0.023,0,0
2018-10-25 23:00,-5.490,0.023,0,0
2018-10-26 00:00,-4.105,0.056,0,0
2018-10-26 01:00,-2.308,0.066,0,0
2018-10-26 02:00,0.189,0.089,0,0
2018-10-26 03:00,2.696,0.072,0,0
2018-10-26 04:00,3.995,0.036,0,0
2018-10-26 05:00,4.271,0.030,0,0
2018-10-26 06:00,3.381,0.039,0,0
2018-10-26 07:00,1.502,0.082,0,0
2018-10-26 08:00,-0.661,0.085,0,0
2018-10-26 09:00,-3.042,0.062,0,0
2018-10-26 10:00,-4.794,0.039,0,0
2018-10-26 11:00,-5.264,0.033,0,0
2018-10-26 12:00,-3.846,0.052,0,0
2018-10-26 13:00,-1.983,0.085,0,0
2018-10-26 14:00,0.599,0.069,0,0
2018-10-26 15:00,3.063,0.049,0,0
2018-10-26 16:00,4.845,0.020,0,0
2018-10-26 17:00,5.199,0.016,0,0
2018-10-26 18:00,4.484,0.056,0,0
2018-10-26 19:00,2.535,0.052,0,0
2018-10-26 20:00,0.107,0.085,0,0
2018-10-26 21:00,-2.534,0.082,0,0
2018-10-26 22:00,-4.962,0.075,0,0
2018-10-26 23:00,-5.887,0.010,0,0
2018-10-27 00:00,-5.414,0.049,0,0
2018-10-27 01:00,-3.653,0.059,0,0
2018-10-27 02:00,-1.510,0.062,0,0
2018-10-27 03:00,1.121,0.089,0,0
2018-10-27 04:00,3.454,0.046,0,0
2018-10-27 05:00,4.622,0.016,0,0
2018-10-27 06:00,4.569,0.013,0,0
2018-10-27 07:00,3.234,0.066,0,0
2018-10-27 08:00,1.397,0.056,0,0
2018-10-27 09:00,-0.949,0.085,0,0
2018-10-27 10:00,-3.085,0.072,0,0
2018-10-27 11:00,-4.443,0.033,0,0
2018-10-27 12:00,-4.125,0.056,0,0
2018-10-27 13:00,-2.117,0.082,0,0
2018-10-27 14:00,-0.057,0.082,0,0
2018-10-27 15:00,2.551,0.072,0,0
2018-10-27 16:00,5.215,0.066,0,0
2018-10-27 17:00,6.597,0.046,0,0
2018-10-27 18:00,6.984,0.052,0,0
2018-10-27 19:00,6.101,0.105,0,0
2018-10-27 20:00,4.034,0.085,0,0
2018-10-27 21:00,1.889,0.115,0,0
2018-10-27 22:00,-0.877,0.079,0,0
2018-10-27 23:00,-2.816,0.066,0,0
2018-10-28 00:00,-3.663,0.049,0,0
2018-10-28 01:00,-3.079,0.082,0,0
2018-10-28 02:00,-1.461,0.069,0,0
2018-10-28 03:00,0.360,0.115,0,0
2018-10-28 04:00,2.981,0.056,0,0
2018-10-28 05:00,4.884,0.069,0,0
2018-10-28 06:00,5.629,0.039,0,0
2018-10-28 07:00,4.923,0.049,0,0
2018-10-28 08:00,3.401,0.066,0,0
2018-10-28 09:00,1.502,0.082,0,0
2018-10-28 10:00,-1.074,0.066,0,0
2018-10-28 11:00,-3.016,0.036,0,0
2018-10-28 12:00,-4.096,0.016,0,0
2018-10-28 13:00,-3.505,0.039,0,0
2018-10-28 14:00,-1.707,0.066,0,0
2018-10-28 15:00,0.412,0.082,0,0
2018-10-28 16:00,2.876,0.095,0,0
2018-10-28 17:00,5.058,0.066,0,0
2018-10-28 18:00,6.242,0.049,0,0
2018-10-28 19:00,5.852,0.033,0,0
2018-10-28 20:00,4.307,0.043,0,0
2018-10-28 21:00,2.381,0.069,0,0
2018-10-28 22:00,-0.323,0.092,0,0
2018-10-28 23:00,-2.987,0.066,0,0
2018-10-29 00:00,-5.168,0.052,0,0
2018-10-29 01:00,-5.447,0.026,0,0
2018-10-29 02:00,-4.302,0.059,0,0
2018-10-29 03:00,-2.521,0.059,0,0
2018-10-29 04:00,-0.142,0.069,0,0
2018-10-29 05:00,2.368,0.075,0,0
2018-10-29 06:00,4.205,0.033,0,0
2018-10-29 07:00,4.818,0.013,0,0
2018-10-29 08:00,4.146,0.033,0,0
2018-10-29 09:00,2.670,0.059,0,0
2018-10-29 10:00,0.704,0.066,0,0
2018-10-29 11:00,-1.648,0.066,0,0
2018-10-29 12:00,-3.561,0.039,0,0
2018-10-29 13:00,-4.329,0.033,0,0
2018-10-29 14:00,-3.193,0.115,0,0
2018-10-29 15:00,-1.399,0.069,0,0
2018-10-29 16:00,1.000,0.046,0,0
2018-10-29 17:00,3.237,0.075,0,0
2018-10-29 18:00,5.271,0.062,0,0
2018-10-29 19:00,5.980,0.043,0,0
2018-10-29 20:00,5.530,0.039,0,0
2018-10-29 21:00,3.834,0.069,0,0
2018-10-29 22:00,1.502,0.069,0,0
2018-10-29 23:00,-1.117,0.075,0,0
2018-10-30 00:00,-3.617,0.082,0,0
2018-10-30 01:00,-5.483,0.033,0,0
2018-10-30 02:00,-5.474,0.026,0,0
2018-10-30 03:00,-4.260,0.036,0,0
2018-10-30 04:00,-2.455,0.059,0,0
2018-10-30 05:00,-0.096,0.092,0,0
2018-10-30 06:00,2.371,0.062,0,0
2018-10-30 07:00,4.054,0.026,0,0
2018-10-30 08:00,4.477,0.013,0,0
2018-10-30 09:00,3.765,0.036,0,0
2018-10-30 10:00,2.256,0.046,0,0
2018-10-30 11:00,0.196,0.085,0,0
2018-10-30 12:00,-2.173,0.069,0,0
2018-10-30 13:00,-4.020,0.066,0,0
2018-10-30 14:00,-4.598,0.020,0,0
2018-10-30 15:00,-3.521,0.052,0,0
2018-10-30 16:00,-1.727,0.062,0,0
2018-10-30 17:00,0.376,0.056,0,0
2018-10-30 18:00,2.939,0.052,0,0
2018-10-30 19:00,4.746,0.052,0,0
2018-10-30 20:00,5.468,0.026,0,0
2018-10-30 21:00,4.904,0.039,0,0
2018-10-30 22:00,3.395,0.069,0,0
2018-10-30 23:00,1.341,0.082,0,0
2018-10-31 00:00,-1.215,0.075,0,0
2018-10-31 01:00,-3.672,0.072,0,0
2018-10-31 02:00,-5.244,0.030,0,0
2018-10-31 03:00,-5.290,0.030,0,0
2018-10-31 04:00,-3.994,0.046,0,0
2018-10-31 05:00,-2.334,0.066,0,0
2018-10-31 06:00,-0.057,0.079,0,0
2018-10-31 07:00,2.190,0.056,0,0
2018-10-31 08:00,3.867,0.036,0,0
2018-10-31 09:00,4.294,0.010,0,0
2018-10-31 10:00,3.559,0.030,0,0
2018-10-31 11:00,2.049,0.052,0,0
2018-10-31 12:00,0.087,0.072,0,0
2018-10-31 13:00,-2.029,0.072,0,0
2018-10-31 14:00,-3.912,0.052,0,0
2018-10-31 15:00,-4.289,0.026,0,0
2018-10-31 16:00,-3.203,0.049,0,0
2018-10-31 17:00,-1.609,0.052,0,0
2018-10-31 18:00,0.478,0.066,0,0
2018-10-31 19:00,2.755,0.066,0,0
2018-10-31 20:00,4.605,0.049,0,0
2018-10-31 21:00,5.363,0.026,0,0
2018-10-31 22:00,4.717,0.039,0,0
2018-10-31 23:00,3.424,0.059,0,0
